periode_data;tanggal;pm_10;pm_duakomalima;so2;co;o3;no2;max;critical;categori;lokasi_spku
202212;44.926.625;54;73;56;24;23;24;73;PM2,5;SEDANG;DKI4
202212;30/12/22;40;64;57;21;17;24;64;PM2,5;SEDANG;DKI4
202207;06/07/22;75;129;45;25;71;26;129;PM2,5;TIDAK SEHAT;DKI4
202207;05/07/22;66;110;47;16;61;23;110;PM2,5;TIDAK SEHAT;DKI4
202207;04/07/22;56;78;49;11;60;13;78;PM2,5;SEDANG;DKI4
202207;03/07/22;78;126;48;17;126;25;126;PM2,5;TIDAK SEHAT;DKI2
202207;02/07/22;81;137;47;18;106;29;137;PM2,5;TIDAK SEHAT;DKI4
202208;01/08/22;68;109;50;12;91;19;109;PM2,5;TIDAK SEHAT;DKI4
202208;31/08/22;85;148;51;25;74;37;148;PM2,5;TIDAK SEHAT;DKI4
202208;30/08/22;59;84;50;15;56;29;84;PM2,5;SEDANG;DKI4
202208;29/08/22;58;82;49;16;55;29;82;PM2,5;SEDANG;DKI4
202208;28/08/22;64;85;49;17;56;30;85;PM2,5;SEDANG;DKI5
202208;27/08/22;80;130;50;25;57;37;130;PM2,5;TIDAK SEHAT;DKI4
202208;26/08/22;76;119;53;19;53;31;119;PM2,5;TIDAK SEHAT;DKI4
202208;25/08/22;64;98;50;12;66;19;98;PM2,5;SEDANG;DKI4
202208;24/08/22;71;119;50;15;82;20;119;PM2,5;TIDAK SEHAT;DKI4
202208;23/08/22;76;116;49;17;81;27;116;PM2,5;TIDAK SEHAT;DKI4
202208;22/08/22;57;78;49;13;79;22;79;O3;SEDANG;DKI2
202208;21/08/22;59;101;49;13;65;17;101;PM2,5;TIDAK SEHAT;DKI4
202208;20/08/22;76;117;50;14;69;18;117;PM2,5;TIDAK SEHAT;DKI4
202208;19/08/22;70;105;49;14;66;26;105;PM2,5;TIDAK SEHAT;DKI4
202208;18/08/22;64;89;49;25;84;28;89;PM2,5;SEDANG;DKI4
202208;17/08/22;55;78;48;17;108;25;108;O3;TIDAK SEHAT;DKI2
202208;16/08/22;61;89;51;15;181;33;181;O3;TIDAK SEHAT;DKI2
202208;15/08/22;64;84;50;17;63;28;84;PM2,5;SEDANG;DKI4
202208;14/08/22;68;93;50;14;80;20;93;PM2,5;SEDANG;DKI4
202208;13/08/22;58;77;48;21;76;36;77;PM2,5;SEDANG;DKI5
202208;12/08/22;65;94;49;17;97;25;97;O3;SEDANG;DKI2
202208;11/08/22;74;107;52;19;80;27;107;PM2,5;TIDAK SEHAT;DKI4
202208;10/08/22;73;116;49;19;82;29;116;PM2,5;TIDAK SEHAT;DKI4
202208;09/08/22;61;88;50;14;103;21;103;O3;TIDAK SEHAT;DKI2
202208;08/08/22;60;84;48;18;97;27;97;O3;SEDANG;DKI2
202208;07/08/22;76;119;50;18;114;29;119;PM2,5;TIDAK SEHAT;DKI4
202208;06/08/22;69;101;49;19;87;29;101;PM2,5;TIDAK SEHAT;DKI4
202208;05/08/22;60;82;47;17;79;26;82;PM2,5;SEDANG;DKI4
202208;04/08/22;69;99;48;15;82;20;99;PM2,5;SEDANG;DKI4
202208;03/08/22;82;141;51;19;129;24;141;PM2,5;TIDAK SEHAT;DKI4
202208;02/08/22;67;113;50;15;84;28;113;PM2,5;TIDAK SEHAT;DKI4
202209;01/09/22;83;130;51;15;42;25;130;PM2,5;TIDAK SEHAT;DKI4
202209;30/09/22;71;103;51;14;45;23;103;PM2,5;TIDAK SEHAT;DKI4
202209;29/09/22;62;100;51;14;50;21;100;PM2,5;SEDANG;DKI4
202209;28/09/22;62;92;51;13;55;24;92;PM2,5;SEDANG;DKI4
202209;27/09/22;63;86;51;14;58;26;86;PM2,5;SEDANG;DKI4
202209;26/09/22;57;79;51;14;56;26;79;PM2,5;SEDANG;DKI5
202209;25/09/22;58;94;50;14;48;25;94;PM2,5;SEDANG;DKI4
202209;24/09/22;57;83;50;17;39;33;83;PM2,5;SEDANG;DKI4
202209;23/09/22;73;97;50;24;50;45;97;PM2,5;SEDANG;DKI2
202209;22/09/22;63;90;50;16;37;24;90;PM2,5;SEDANG;DKI5
202209;21/09/22;69;112;50;17;42;32;112;PM2,5;TIDAK SEHAT;DKI4
202209;20/09/22;66;110;51;21;37;41;110;PM2,5;TIDAK SEHAT;DKI4
202209;19/09/22;70;113;51;17;46;28;113;PM2,5;TIDAK SEHAT;DKI4
202209;18/09/22;72;113;51;21;43;33;113;PM2,5;TIDAK SEHAT;DKI4
202209;17/09/22;70;103;51;19;49;35;103;PM2,5;TIDAK SEHAT;DKI4
202209;16/09/22;62;100;51;18;52;33;100;PM2,5;SEDANG;DKI4
202209;15/09/22;78;117;51;26;34;39;117;PM2,5;TIDAK SEHAT;DKI4
202209;14/09/22;67;113;53;18;42;38;113;PM2,5;TIDAK SEHAT;DKI4
202209;13/09/22;59;81;52;18;45;32;81;PM2,5;SEDANG;DKI1
202209;12/09/22;53;79;52;18;35;27;79;PM2,5;SEDANG;DKI4
202209;11/09/22;64;88;51;20;37;34;88;PM2,5;SEDANG;DKI4
202209;10/09/22;56;72;48;22;41;39;72;PM2,5;SEDANG;DKI4
202209;09/09/22;71;91;49;28;32;43;91;PM2,5;SEDANG;DKI5
202209;08/09/22;61;87;48;26;32;45;87;PM2,5;SEDANG;DKI4
202209;07/09/22;55;79;49;15;38;21;79;PM2,5;SEDANG;DKI4
202209;06/09/22;63;86;51;12;43;17;86;PM2,5;SEDANG;DKI4
202209;05/09/22;59;105;51;15;45;23;105;PM2,5;TIDAK SEHAT;DKI4
202209;04/09/22;42;76;50;9;33;14;76;PM2,5;SEDANG;DKI4
202209;03/09/22;64;102;50;18;37;31;102;PM2,5;TIDAK SEHAT;DKI4
202209;02/09/22;71;108;51;21;35;32;108;PM2,5;TIDAK SEHAT;DKI4
202210;26/10/22;39;43;51;11;27;17;51;SO2;SEDANG;DKI4
202210;25/10/22;27;53;51;9;30;19;53;PM2,5;SEDANG;DKI2
202210;24/10/22;41;57;50;10;31;18;57;PM2,5;SEDANG;DKI4
202210;23/10/22;52;66;51;11;45;21;66;PM2,5;SEDANG;DKI4
202210;22/10/22;58;82;51;19;39;41;82;PM2,5;SEDANG;DKI4
202210;21/10/22;52;67;50;16;31;27;67;PM2,5;SEDANG;DKI4
202210;20/10/22;67;88;51;28;47;45;88;PM2,5;SEDANG;DKI4
202210;19/10/22;64;92;51;22;42;44;92;PM2,5;SEDANG;DKI4
202210;18/10/22;59;79;50;16;45;35;79;PM2,5;SEDANG;DKI1
202210;17/10/22;56;85;51;13;54;25;85;PM2,5;SEDANG;DKI4
202210;16/10/22;62;93;51;19;52;36;93;PM2,5;SEDANG;DKI4
202210;15/10/22;55;78;51;13;58;27;78;PM2,5;SEDANG;DKI4
202210;14/10/22;67;94;50;28;47;45;94;PM2,5;SEDANG;DKI4
202210;13/10/22;63;91;52;17;54;36;91;PM2,5;SEDANG;DKI4
202210;12/10/22;70;97;54;27;44;42;97;PM2,5;SEDANG;DKI4
202210;11/10/22;77;126;51;23;59;45;126;PM2,5;TIDAK SEHAT;DKI4
202210;10/10/22;54;74;50;14;38;25;74;PM2,5;SEDANG;DKI4
202210;09/10/22;58;95;50;24;39;35;95;PM2,5;SEDANG;DKI4
202210;08/10/22;35;61;50;17;28;25;61;PM2,5;SEDANG;DKI5
202210;07/10/22;51;66;53;17;35;34;66;PM2,5;SEDANG;DKI1
202210;06/10/22;61;89;51;20;39;32;89;PM2,5;SEDANG;DKI4
202210;05/10/22;51;68;50;22;36;42;68;PM2,5;SEDANG;DKI4
202210;04/10/22;67;98;51;15;40;33;98;PM2,5;SEDANG;DKI4
202210;03/10/22;56;76;51;18;38;35;76;PM2,5;SEDANG;DKI5
202210;02/10/22;54;79;50;12;43;19;79;PM2,5;SEDANG;DKI4
202210;01/10/22;80;128;52;14;39;21;128;PM2,5;TIDAK SEHAT;DKI4
202210;27/10/22;41;66;51;18;35;27;66;PM2,5;SEDANG;DKI4
202210;28/10/22;54;77;51;16;33;32;77;PM2,5;SEDANG;DKI4
202210;29/10/22;53;86;51;15;41;29;86;PM2,5;SEDANG;DKI4
202210;30/10/22;51;87;51;11;49;19;87;PM2,5;SEDANG;DKI4
202210;31/10/22;60;78;51;21;44;22;78;PM2,5;SEDANG;DKI4
202211;01/11/22;49;70;51;10;44;21;70;PM2,5;SEDANG;DKI4
202211;02/11/22;84;144;51;14;54;34;144;PM2,5;TIDAK SEHAT;DKI4
202211;03/11/22;65;89;51;13;49;23;89;PM2,5;SEDANG;DKI4
202211;04/11/22;66;95;52;23;49;42;95;PM2,5;SEDANG;DKI4
202211;05/11/22;62;81;51;22;55;42;81;PM2,5;SEDANG;DKI4
202211;06/11/22;63;90;51;18;38;34;90;PM2,5;SEDANG;DKI3
202211;07/11/22;74;104;51;13;48;22;104;PM2,5;TIDAK SEHAT;DKI4
202211;08/11/22;66;101;53;30;36;50;101;PM2,5;TIDAK SEHAT;DKI3
202211;09/11/22;64;96;51;25;41;47;96;PM2,5;SEDANG;DKI4
202211;10/11/22;53;76;51;18;29;30;76;PM2,5;SEDANG;DKI3
202211;11/11/22;46;71;51;19;31;25;71;PM2,5;SEDANG;DKI4
202211;12/11/22;40;61;51;11;36;18;61;PM2,5;SEDANG;DKI3
202211;13/11/22;38;63;51;17;38;27;63;PM2,5;SEDANG;DKI4
202211;14/11/22;60;85;51;17;44;28;85;PM2,5;SEDANG;DKI4
202211;15/11/22;59;95;51;16;39;33;95;PM2,5;SEDANG;DKI4
202211;16/11/22;54;80;52;10;31;22;80;PM2,5;SEDANG;DKI3
202211;17/11/22;58;72;52;12;35;25;72;PM2,5;SEDANG;DKI4
202211;18/11/22;42;53;53;16;29;27;53;PM2,5;SEDANG;DKI2
202211;19/11/22;47;77;56;12;27;24;77;PM2,5;SEDANG;DKI4
202211;20/11/22;34;51;51;7;30;12;51;PM2,5;SEDANG;DKI4
202211;21/11/22;40;62;51;11;29;19;62;PM2,5;SEDANG;DKI3
202211;22/11/22;46;72;51;10;26;15;72;PM2,5;SEDANG;DKI3
202211;23/11/22;50;71;52;11;29;23;71;PM2,5;SEDANG;DKI3
202211;24/11/22;51;66;52;10;34;24;66;PM2,5;SEDANG;DKI4
202211;25/11/22;52;77;52;15;38;26;77;PM2,5;SEDANG;DKI4
202211;26/11/22;80;131;51;20;42;45;131;PM2,5;TIDAK SEHAT;DKI4
202211;27/11/22;74;112;52;24;37;36;112;PM2,5;TIDAK SEHAT;DKI4
202211;28/11/22;59;83;51;14;50;31;83;PM2,5;SEDANG;DKI4
202211;29/11/22;53;73;51;22;48;32;73;PM2,5;SEDANG;DKI4
202211;30/11/22;65;97;52;13;40;31;97;PM2,5;SEDANG;DKI4
202212;01/12/22;64;93;52;17;50;31;93;PM2,5;SEDANG;DKI4
202212;02/12/22;60;94;52;18;42;30;94;PM2,5;SEDANG;DKI4
202212;03/12/22;60;100;52;16;49;31;100;PM2,5;SEDANG;DKI4
202212;04/12/22;65;95;52;19;45;34;95;PM2,5;SEDANG;DKI4
202212;05/12/22;74;117;52;19;48;33;117;PM2,5;TIDAK SEHAT;DKI4
202212;06/12/22;70;107;49;24;41;44;107;PM2,5;TIDAK SEHAT;DKI4
202212;07/12/22;53;88;52;21;37;40;88;PM2,5;SEDANG;DKI4
202212;08/12/22;51;85;52;16;47;35;85;PM2,5;SEDANG;DKI4
202212;09/12/22;59;94;51;21;31;41;94;PM2,5;SEDANG;DKI3
202212;10/12/22;42;72;52;27;29;35;72;PM2,5;SEDANG;DKI4
202212;11/12/22;44;72;52;20;31;32;72;PM2,5;SEDANG;DKI4
202212;12/12/22;37;62;51;10;32;22;62;PM2,5;SEDANG;DKI4
202212;13/12/22;47;71;51;13;28;23;71;PM2,5;SEDANG;DKI3
202212;14/12/22;46;71;51;10;30;17;71;PM2,5;SEDANG;DKI3
202212;15/12/22;28;60;52;10;29;23;60;PM2,5;SEDANG;DKI4
202212;16/12/22;56;83;52;12;28;30;83;PM2,5;SEDANG;DKI4
202212;17/12/22;65;98;52;30;38;45;98;PM2,5;SEDANG;DKI4
202212;18/12/22;64;96;52;26;46;45;96;PM2,5;SEDANG;DKI4
202212;19/12/22;64;99;57;28;39;48;99;PM2,5;SEDANG;DKI4
202212;20/12/22;85;154;54;23;29;47;154;PM2,5;TIDAK SEHAT;DKI4
202212;21/12/22;57;86;62;45;27;32;86;PM2,5;SEDANG;DKI3
202212;22/12/22;49;65;59;49;23;24;65;PM2,5;SEDANG;DKI4
202212;23/12/22;31;40;57;38;24;18;57;SO2;SEDANG;DKI2
202212;24/12/22;58;92;57;55;26;24;92;PM2,5;SEDANG;DKI3
202212;25/12/22;42;56;57;45;25;18;57;SO2;SEDANG;DKI2
202212;26/12/22;43;62;58;54;25;27;62;PM2,5;SEDANG;DKI2
202212;27/12/22;36;47;58;42;20;18;58;SO2;SEDANG;DKI2
202212;28/12/22;46;66;57;41;15;19;66;PM2,5;SEDANG;DKI3
202212;29/12/22;23;50;57;12;16;15;57;SO2;SEDANG;DKI2
202201;11/01/22;46;60;53;12;37;28;60;PM2,5;SEDANG;DKI3
202201;10/01/22;60;87;51;13;36;26;87;PM2,5;SEDANG;DKI3
202201;09/01/22;56;82;52;14;39;27;82;PM2,5;SEDANG;DKI3
202201;08/01/22;55;77;52;17;41;29;77;PM2,5;SEDANG;DKI4
202201;07/01/22;71;113;48;22;38;41;113;PM2,5;TIDAK SEHAT;DKI4
202201;06/01/22;73;117;53;16;48;42;117;PM2,5;TIDAK SEHAT;DKI4
202201;05/01/22;95;165;53;18;55;32;165;PM2,5;TIDAK SEHAT;DKI4
202201;04/01/22;59;102;51;14;51;26;102;PM2,5;TIDAK SEHAT;DKI4
202201;03/01/22;49;80;49;13;37;21;80;PM2,5;SEDANG;DKI4
202201;02/01/22;40;70;45;10;36;11;70;PM2,5;SEDANG;DKI4
202202;01/02/20;64;89;52;13;76;21;89;PM2,5;SEDANG;DKI3
202202;28/02/20;27;50;40;12;30;11;50;PM2,5;BAIK;DKI5
202202;27/02/20;31;51;39;14;30;12;51;PM2,5;SEDANG;DKI4
202202;26/02/20;40;60;39;15;28;16;60;PM2,5;SEDANG;DKI4
202202;25/02/20;50;59;40;15;28;17;59;PM2,5;SEDANG;DKI3
202202;24/02/20;45;71;41;14;38;21;71;PM2,5;SEDANG;DKI4
202202;23/02/20;55;87;49;16;43;38;87;PM2,5;SEDANG;DKI4
202202;22/02/20;54;92;42;13;56;35;92;PM2,5;SEDANG;DKI4
202202;21/02/20;54;86;41;21;50;35;86;PM2,5;SEDANG;DKI5
202202;20/02/20;70;115;47;26;62;36;115;PM2,5;TIDAK SEHAT;DKI4
202202;19/02/20;67;108;44;23;69;37;108;PM2,5;TIDAK SEHAT;DKI4
202202;18/02/20;65;118;47;18;67;30;118;PM2,5;TIDAK SEHAT;DKI4
202202;17/02/20;53;74;45;19;86;29;86;O3;SEDANG;DKI2
202202;16/02/20;66;110;48;24;62;33;110;PM2,5;TIDAK SEHAT;DKI5
202202;15/02/20;74;119;52;33;61;38;119;PM2,5;TIDAK SEHAT;DKI3
202202;14/02/20;66;109;51;29;49;39;109;PM2,5;TIDAK SEHAT;DKI4
202202;13/02/20;70;98;41;19;55;29;98;PM2,5;SEDANG;DKI3
202202;12/02/20;52;68;42;14;55;29;68;PM2,5;SEDANG;DKI5
202202;11/02/20;62;95;48;20;48;33;95;PM2,5;SEDANG;DKI5
202202;10/02/20;24;47;41;12;49;23;49;O3;BAIK;DKI2
202201;01/01/22;57;85;48;13;34;18;85;PM2,5;SEDANG;DKI4
202201;31/01/22;72;119;58;44;53;44;119;PM2,5;TIDAK SEHAT;DKI4
202201;30/01/22;75;129;53;25;59;50;129;PM2,5;TIDAK SEHAT;DKI4
202201;29/01/22;65;120;52;30;52;46;120;PM2,5;TIDAK SEHAT;DKI4
202201;28/01/22;63;84;52;12;60;28;84;PM2,5;SEDANG;DKI3
202201;27/01/22;58;75;47;14;48;25;75;PM2,5;SEDANG;DKI3
202201;26/01/22;38;56;45;14;57;24;57;O3;SEDANG;DKI2
202201;25/01/22;41;58;46;9;51;19;58;PM2,5;SEDANG;DKI3
202201;24/01/22;57;74;48;11;58;18;74;PM2,5;SEDANG;DKI3
202201;23/01/22;57;73;50;11;35;15;73;PM2,5;SEDANG;DKI3
202201;22/01/22;52;73;51;12;39;20;73;PM2,5;SEDANG;DKI4
202201;21/01/22;40;57;51;15;51;23;57;PM2,5;SEDANG;DKI3
202201;20/01/22;40;57;55;14;68;24;68;O3;SEDANG;DKI2
202201;19/01/22;45;61;45;15;69;22;69;O3;SEDANG;DKI2
202201;18/01/22;54;67;47;14;59;33;67;PM2,5;SEDANG;DKI4
202201;17/01/22;67;93;44;19;63;28;93;PM2,5;SEDANG;DKI4
202201;16/01/22;67;102;47;20;65;32;102;PM2,5;TIDAK SEHAT;DKI5
202201;15/01/22;55;69;51;15;68;29;69;PM2,5;SEDANG;DKI3
202201;14/01/22;46;63;48;15;63;32;63;PM2,5;SEDANG;DKI2
202201;13/01/22;38;62;52;15;63;32;63;O3;SEDANG;DKI2
202201;12/01/22;46;59;51;15;38;29;59;PM2,5;SEDANG;DKI4
202202;09/02/20;64;101;39;36;55;45;101;PM2,5;TIDAK SEHAT;DKI4
202204;28/04/22;42;83;41;12;59;20;83;PM2,5;SEDANG;DKI4
202204;27/04/22;47;91;44;13;45;26;91;PM2,5;SEDANG;DKI4
202204;26/04/22;59;82;41;13;70;29;82;PM2,5;SEDANG;DKI4
202204;25/04/22;60;118;44;14;99;28;118;PM2,5;TIDAK SEHAT;DKI4
202204;24/04/22;63;114;41;24;82;30;114;PM2,5;TIDAK SEHAT;DKI4
202204;23/04/22;60;108;42;30;52;43;108;PM2,5;TIDAK SEHAT;DKI4
202204;22/04/22;83;128;49;25;52;42;128;PM2,5;TIDAK SEHAT;DKI4
202204;21/04/22;46;56;41;15;43;24;56;PM2,5;SEDANG;DKI5
202204;20/04/22;61;105;42;18;69;34;105;PM2,5;TIDAK SEHAT;DKI4
202204;19/04/22;52;78;41;13;84;29;84;O3;SEDANG;DKI2
202204;18/04/22;73;135;40;13;88;14;135;PM2,5;TIDAK SEHAT;DKI4
202202;08/02/20;58;109;39;18;60;31;109;PM2,5;TIDAK SEHAT;DKI4
202202;07/02/20;40;60;48;13;67;22;67;O3;SEDANG;DKI2
202202;06/02/20;39;51;58;15;57;21;58;SO2;SEDANG;DKI1
202202;05/02/20;43;62;53;18;55;30;62;PM2,5;SEDANG;DKI5
202202;04/02/20;54;72;46;12;68;27;72;PM2,5;SEDANG;DKI3
202202;03/02/20;58;99;48;20;65;33;99;PM2,5;SEDANG;DKI4
202202;02/02/20;66;101;47;22;64;26;101;PM2,5;TIDAK SEHAT;DKI4
202203;01/03/22;27;50;44;11;17;12;50;PM2,5;BAIK;DKI5
202203;31/03/22;95;160;49;34;137;34;160;PM2,5;TIDAK SEHAT;DKI4
202203;30/03/22;75;119;42;20;109;35;119;PM2,5;TIDAK SEHAT;DKI4
202203;29/03/22;61;117;44;17;52;31;117;PM2,5;TIDAK SEHAT;DKI4
202203;28/03/22;49;62;40;12;59;28;62;PM2,5;SEDANG;DKI5
202203;27/03/22;84;126;46;49;42;51;126;PM2,5;TIDAK SEHAT;DKI5
202203;26/03/22;67;92;43;17;49;29;92;PM2,5;SEDANG;DKI4
202203;25/03/22;90;122;51;19;70;29;122;PM2,5;TIDAK SEHAT;DKI5
202203;24/03/22;43;65;43;15;40;22;65;PM2,5;SEDANG;DKI4
202203;23/03/22;46;61;41;16;34;19;61;PM2,5;SEDANG;DKI5
202203;22/03/22;50;63;38;12;35;17;63;PM2,5;SEDANG;DKI3
202203;21/03/22;38;53;38;10;34;8;53;PM2,5;SEDANG;DKI4
202203;20/03/22;55;71;39;13;34;14;71;PM2,5;SEDANG;DKI4
202203;19/03/22;46;73;40;15;48;20;73;PM2,5;SEDANG;DKI4
202203;18/03/22;67;111;40;23;69;32;111;PM2,5;TIDAK SEHAT;DKI4
202203;17/03/22;77;141;40;23;77;28;141;PM2,5;TIDAK SEHAT;DKI4
202203;16/03/22;51;76;41;21;53;25;76;PM2,5;SEDANG;DKI4
202203;15/03/22;56;97;41;22;54;28;97;PM2,5;SEDANG;DKI4
202203;14/03/22;60;109;39;25;80;31;109;PM2,5;TIDAK SEHAT;DKI4
202203;13/03/22;46;65;43;18;36;20;65;PM2,5;SEDANG;DKI5
202203;12/03/22;50;59;39;13;41;21;59;PM2,5;SEDANG;DKI4
202203;11/03/22;77;107;46;23;52;52;107;PM2,5;TIDAK SEHAT;DKI4
202203;10/03/22;60;112;42;24;79;40;112;PM2,5;TIDAK SEHAT;DKI4
202203;09/03/22;50;75;40;20;58;28;75;PM2,5;SEDANG;DKI4
202203;08/03/22;55;102;40;15;45;25;102;PM2,5;TIDAK SEHAT;DKI4
202203;07/03/22;29;53;37;13;37;13;53;PM2,5;SEDANG;DKI4
202203;06/03/22;53;90;38;21;28;18;90;PM2,5;SEDANG;DKI4
202203;05/03/22;48;68;40;17;36;22;68;PM2,5;SEDANG;DKI4
202203;04/03/22;32;53;41;13;45;20;53;PM2,5;SEDANG;DKI4
202203;03/03/22;30;55;43;12;35;18;55;PM2,5;SEDANG;DKI4
202203;02/03/22;32;51;46;15;24;15;51;PM2,5;SEDANG;DKI2
202204;01/04/22;74;114;47;19;76;38;114;PM2,5;TIDAK SEHAT;DKI4
202204;30/04/22;39;53;38;16;17;6;53;PM2,5;SEDANG;DKI2
202204;29/04/22;35;60;40;10;46;16;60;PM2,5;SEDANG;DKI4
202205;17/05/22;66;128;42;22;77;31;128;PM2,5;TIDAK SEHAT;DKI4
202205;16/05/22;58;100;42;22;81;31;100;PM2,5;SEDANG;DKI4
202205;15/05/22;77;126;42;19;87;23;126;PM2,5;TIDAK SEHAT;DKI4
202205;14/05/22;57;101;44;14;72;30;101;PM2,5;TIDAK SEHAT;DKI4
202205;13/05/22;34;55;44;8;65;20;65;O3;SEDANG;DKI2
202205;12/05/22;61;85;54;13;63;25;85;PM2,5;SEDANG;DKI3
202205;11/05/22;54;75;41;12;81;26;81;O3;SEDANG;DKI2
202205;10/05/22;54;86;50;17;74;28;86;PM2,5;SEDANG;DKI4
202205;09/05/22;58;95;44;12;73;24;95;PM2,5;SEDANG;DKI4
202205;08/05/22;63;98;42;19;76;21;98;PM2,5;SEDANG;DKI4
202205;07/05/22;56;92;41;12;82;13;92;PM2,5;SEDANG;DKI4
202205;06/05/22;39;73;42;10;58;12;73;PM2,5;SEDANG;DKI4
202205;05/05/22;53;102;41;13;72;20;102;PM2,5;TIDAK SEHAT;DKI4
202205;04/05/22;51;85;41;11;77;18;85;PM2,5;SEDANG;DKI4
202205;03/05/22;36;58;40;13;58;23;58;PM2,5;SEDANG;DKI2
202205;02/05/22;58;90;41;16;82;17;90;PM2,5;SEDANG;DKI4
202206;01/06/22;53;77;43;18;55;27;77;PM2,5;SEDANG;DKI5
202206;30/06/22;68;117;48;13;84;26;117;PM2,5;TIDAK SEHAT;DKI4
202206;29/06/22;59;79;46;14;72;32;79;PM2,5;SEDANG;DKI4
202206;28/06/22;57;82;46;16;82;29;82;PM2,5;SEDANG;DKI2
202206;27/06/22;74;102;45;22;76;33;102;PM2,5;TIDAK SEHAT;DKI4
202204;17/04/22;76;148;52;21;93;24;148;PM2,5;TIDAK SEHAT;DKI4
202204;16/04/22;63;119;46;16;91;21;119;PM2,5;TIDAK SEHAT;DKI4
202204;15/04/22;61;102;41;15;81;28;102;PM2,5;TIDAK SEHAT;DKI4
202204;14/04/22;66;104;44;14;111;25;111;O3;TIDAK SEHAT;DKI2
202204;13/04/22;78;116;42;21;118;40;118;O3;TIDAK SEHAT;DKI2
202204;12/04/22;71;107;52;22;78;43;107;PM2,5;TIDAK SEHAT;DKI4
202204;11/04/22;63;98;44;17;95;31;98;PM2,5;SEDANG;DKI4
202204;10/04/22;82;164;46;27;80;38;164;PM2,5;TIDAK SEHAT;DKI4
202204;09/04/22;50;76;42;21;59;28;76;PM2,5;SEDANG;DKI4
202204;08/04/22;52;81;40;17;50;29;81;PM2,5;SEDANG;DKI4
202204;07/04/22;58;90;42;22;62;35;90;PM2,5;SEDANG;DKI4
202204;06/04/22;54;87;40;20;57;32;87;PM2,5;SEDANG;DKI4
202204;05/04/22;73;92;53;19;73;43;92;PM2,5;SEDANG;DKI4
202204;04/04/22;49;71;43;23;69;27;71;PM2,5;SEDANG;DKI4
202204;03/04/22;51;74;39;14;40;17;74;PM2,5;SEDANG;DKI4
202204;02/04/22;61;99;42;18;70;28;99;PM2,5;SEDANG;DKI4
202205;01/05/22;66;126;48;24;61;26;126;PM2,5;TIDAK SEHAT;DKI4
202205;31/05/22;63;100;44;44;59;44;100;;SEDANG;0
202205;30/05/22;51;89;45;17;58;31;89;PM2,5;SEDANG;DKI4
202205;29/05/22;64;107;43;23;65;40;107;PM2,5;TIDAK SEHAT;DKI4
202205;28/05/22;57;105;43;17;82;33;105;PM2,5;TIDAK SEHAT;DKI3
202205;27/05/22;79;146;52;25;76;35;146;PM2,5;TIDAK SEHAT;DKI4
202205;26/05/22;57;93;45;15;52;26;93;PM2,5;SEDANG;DKI4
202205;25/05/22;74;121;48;16;58;27;121;PM2,5;TIDAK SEHAT;DKI4
202205;24/05/22;58;98;46;11;54;21;98;PM2,5;SEDANG;DKI4
202205;23/05/22;68;123;47;17;53;24;123;PM2,5;TIDAK SEHAT;DKI4
202205;22/05/22;58;110;44;17;55;25;110;PM2,5;TIDAK SEHAT;DKI4
202205;21/05/22;58;82;44;20;58;32;82;PM2,5;SEDANG;DKI4
202205;20/05/22;70;128;43;24;71;43;128;PM2,5;TIDAK SEHAT;DKI4
202205;19/05/22;75;136;43;28;64;46;136;PM2,5;TIDAK SEHAT;DKI4
202205;18/05/22;62;99;42;15;89;24;99;PM2,5;SEDANG;DKI4
202206;26/06/22;68;106;45;22;69;36;106;PM2,5;TIDAK SEHAT;DKI4
202206;25/06/22;82;131;46;23;60;31;131;PM2,5;TIDAK SEHAT;DKI4
202206;24/06/22;85;123;46;22;77;38;123;PM2,5;TIDAK SEHAT;DKI4
202206;23/06/22;82;119;46;19;68;32;119;PM2,5;TIDAK SEHAT;DKI4
202206;22/06/22;71;123;47;17;72;27;123;PM2,5;TIDAK SEHAT;DKI4
202206;21/06/22;79;114;47;18;70;32;114;PM2,5;TIDAK SEHAT;DKI4
202206;20/06/22;78;131;45;17;99;27;131;PM2,5;TIDAK SEHAT;DKI4
202206;19/06/22;73;118;47;23;82;37;118;PM2,5;TIDAK SEHAT;DKI4
202206;18/06/22;75;117;45;30;58;42;117;PM2,5;TIDAK SEHAT;DKI4
202206;17/06/22;85;130;45;25;50;37;130;PM2,5;TIDAK SEHAT;DKI4
202206;16/06/22;79;146;46;32;50;45;146;PM2,5;TIDAK SEHAT;DKI4
202206;15/06/22;80;141;45;25;44;43;141;PM2,5;TIDAK SEHAT;DKI4
202206;14/06/22;75;112;49;27;52;50;112;PM2,5;TIDAK SEHAT;DKI4
202206;13/06/22;61;97;46;22;71;38;97;PM2,5;SEDANG;DKI4
202206;12/06/22;61;112;45;22;71;33;112;PM2,5;TIDAK SEHAT;DKI4
202206;11/06/22;58;92;45;15;67;28;92;PM2,5;SEDANG;DKI4
202206;10/06/22;56;82;44;26;49;36;82;PM2,5;SEDANG;DKI4
202206;09/06/22;65;97;51;27;34;46;97;PM2,5;SEDANG;DKI4
202206;08/06/22;65;110;44;18;54;25;110;PM2,5;TIDAK SEHAT;DKI4
202206;07/06/22;61;76;44;18;50;32;76;PM2,5;SEDANG;DKI4
202206;06/06/22;64;111;44;21;62;35;111;PM2,5;TIDAK SEHAT;DKI4
202206;05/06/22;62;116;45;15;87;27;116;PM2,5;TIDAK SEHAT;DKI4
202206;04/06/22;78;136;44;26;92;51;136;PM2,5;TIDAK SEHAT;DKI4
202206;03/06/22;51;68;44;20;72;36;72;O3;SEDANG;DKI2
202206;02/06/22;56;100;44;15;76;33;100;PM2,5;SEDANG;DKI4
202207;01/07/22;73;111;49;15;87;31;111;PM2,5;TIDAK SEHAT;DKI4
202207;31/07/22;80;143;49;17;115;27;143;PM2,5;TIDAK SEHAT;DKI4
202207;30/07/22;66;118;49;15;95;22;118;PM2,5;TIDAK SEHAT;DKI4
202207;29/07/22;74;123;50;12;86;22;123;PM2,5;TIDAK SEHAT;DKI4
202207;28/07/22;82;132;50;16;90;30;132;PM2,5;TIDAK SEHAT;DKI4
202207;27/07/22;70;116;50;14;118;24;118;O3;TIDAK SEHAT;DKI2
202207;26/07/22;67;110;49;16;85;20;110;PM2,5;TIDAK SEHAT;DKI4
202207;25/07/22;56;87;46;16;91;24;91;O3;SEDANG;DKI2
202207;24/07/22;54;82;47;14;94;21;94;O3;SEDANG;DKI2
202207;23/07/22;61;99;50;14;67;19;99;PM2,5;SEDANG;DKI4
202207;22/07/22;74;121;50;17;96;25;121;PM2,5;TIDAK SEHAT;DKI4
202207;21/07/22;75;110;50;15;114;28;114;O3;TIDAK SEHAT;DKI2
202207;20/07/22;76;124;49;18;94;26;124;PM2,5;TIDAK SEHAT;DKI4
202207;19/07/22;75;114;50;15;98;25;114;PM2,5;TIDAK SEHAT;DKI4
202207;18/07/22;75;143;48;30;84;36;143;PM2,5;TIDAK SEHAT;DKI4
202207;17/07/22;59;89;48;28;51;36;89;PM2,5;SEDANG;DKI4
202207;16/07/22;36;59;46;15;48;31;59;PM2,5;SEDANG;DKI4
202207;15/07/22;58;86;49;12;65;18;86;PM2,5;SEDANG;DKI4
202207;14/07/22;85;125;47;25;57;33;125;PM2,5;TIDAK SEHAT;DKI4
202207;13/07/22;69;114;48;16;65;29;114;PM2,5;TIDAK SEHAT;DKI4
202207;12/07/22;77;123;49;17;84;28;123;PM2,5;TIDAK SEHAT;DKI4
202207;11/07/22;66;112;47;15;84;29;112;PM2,5;TIDAK SEHAT;DKI4
202207;10/07/22;63;93;47;13;84;19;93;PM2,5;SEDANG;DKI4
202207;09/07/22;61;93;48;13;107;25;107;O3;TIDAK SEHAT;DKI2
202207;08/07/22;55;80;48;17;95;25;95;O3;SEDANG;DKI2
202207;07/07/22;94;135;46;29;74;44;135;PM2,5;TIDAK SEHAT;DKI3